"UTMZone","UTMNorth","UTMEast","UTMConvergence","UTMSF","UTMCF"
"UTM Zone 10","4,124,192.056","635,735.178","00 55 36.09","0.99982696","N/A"
"UTM Zone 10","4,129,473.093","635,160.337","00 55 27.69","0.99982503","N/A"
"UTM Zone 10","4,138,283.547","632,657.037","00 54 35.47","0.99981677","N/A"
"UTM Zone 10","4,147,274.877","630,960.689","00 54 03.08","0.99981126","N/A"
"UTM Zone 10","4,152,156.632","628,885.807","00 53 16.79","0.99980462","N/A"
